{
  "360": 13,
  "10k": 9,
  "10mp": 9,
  "11mp": 9,
  "12mp": 9,
  "13mp": 9,
  "14mp": 9,
  "15mp": 9,
  "16mp": 9,
  "17mp": 9,
  "18mp": 9,
  "19mp": 9,
  "1k": 9,
  "1k_plus": 9,
  "1x_mobiledata": 8,
  "20mp": 9,
  "21mp": 9,
  "22mp": 9,
  "23mp": 9,
  "24mp": 9,
  "2k": 9,
  "2k_plus": 9,
  "2mp": 9,
  "30fps": 9,
  "30fps_select": 9,
  "3d_rotation": 16,
  "3g_mobiledata": 8,
  "3k": 9,
  "3k_plus": 9,
  "3mp": 9,
  "3p": 10,
  "4g_mobiledata": 8,
  "4g_plus_mobiledata": 8,
  "4k": 10,
  "4k_plus": 9,
  "4mp": 9,
  "5g": 12,
  "5k": 9,
  "5k_plus": 9,
  "5mp": 9,
  "60fps": 9,
  "60fps_select": 9,
  "6_ft_apart": 8,
  "6k": 9,
  "6k_plus": 9,
  "6mp": 9,
  "7k": 9,
  "7k_plus": 9,
  "7mp": 9,
  "8k": 10,
  "8k_plus": 10,
  "8mp": 9,
  "9k": 9,
  "9k_plus": 9,
  "9mp": 9,
  "ac_unit": 11,
  "access_alarm": 11,
  "access_alarms": 11,
  "access_time": 11,
  "access_time_filled": 9,
  "accessibility": 11,
  "accessibility_new": 11,
  "accessible": 12,
  "accessible_forward": 12,
  "account_balance": 17,
  "account_balance_wallet": 11,
  "account_box": 11,
  "account_circle": 15,
  "account_tree": 11,
  "ad_units": 12,
  "adb": 11,
  "add": 17,
  "add_a_photo": 13,
  "add_alarm": 12,
  "add_alert": 14,
  "add_box": 12,
  "add_business": 15,
  "add_chart": 9,
  "add_circle": 12,
  "add_circle_outline": 14,
  "add_comment": 10,
  "add_ic_call": 11,
  "add_link": 10,
  "add_location": 15,
  "add_location_alt": 12,
  "add_moderator": 11,
  "add_photo_alternate": 11,
  "add_reaction": 8,
  "add_road": 11,
  "add_shopping_cart": 14,
  "add_task": 5,
  "add_to_drive": 17,
  "add_to_home_screen": 11,
  "add_to_photos": 11,
  "add_to_queue": 10,
  "addchart": 12,
  "adjust": 11,
  "admin_panel_settings": 12,
  "ads_click": 2,
  "agriculture": 10,
  "air": 9,
  "airline_seat_flat": 11,
  "airline_seat_flat_angled": 11,
  "airline_seat_individual_suite": 10,
  "airline_seat_legroom_extra": 11,
  "airline_seat_legroom_normal": 11,
  "airline_seat_legroom_reduced": 11,
  "airline_seat_recline_extra": 11,
  "airline_seat_recline_normal": 11,
  "airline_stops": 1,
  "airlines": 1,
  "airplane_ticket": 10,
  "airplanemode_active": 15,
  "airplanemode_inactive": 16,
  "airplay": 12,
  "airport_shuttle": 11,
  "alarm": 11,
  "alarm_add": 11,
  "alarm_off": 11,
  "alarm_on": 11,
  "album": 11,
  "align_horizontal_center": 5,
  "align_horizontal_left": 6,
  "align_horizontal_right": 6,
  "align_vertical_bottom": 5,
  "align_vertical_center": 5,
  "align_vertical_top": 5,
  "all_inbox": 10,
  "all_inclusive": 10,
  "all_out": 11,
  "alt_route": 8,
  "alternate_email": 12,
  "analytics": 11,
  "anchor": 6,
  "android": 14,
  "animation": 13,
  "announcement": 16,
  "aod": 9,
  "apartment": 10,
  "api": 6,
  "app_blocking": 12,
  "app_registration": 10,
  "app_settings_alt": 16,
  "approval": 10,
  "apps": 11,
  "apps_outage": 1,
  "architecture": 10,
  "archive": 14,
  "area_chart": 2,
  "arrow_back": 15,
  "arrow_back_ios": 13,
  "arrow_back_ios_new": 5,
  "arrow_circle_down": 7,
  "arrow_circle_up": 7,
  "arrow_downward": 15,
  "arrow_drop_down": 14,
  "arrow_drop_down_circle": 11,
  "arrow_drop_up": 11,
  "arrow_forward": 12,
  "arrow_forward_ios": 15,
  "arrow_left": 11,
  "arrow_right": 11,
  "arrow_right_alt": 12,
  "arrow_upward": 10,
  "art_track": 12,
  "article": 12,
  "aspect_ratio": 11,
  "assessment": 11,
  "assignment": 12,
  "assignment_ind": 11,
  "assignment_late": 14,
  "assignment_return": 13,
  "assignment_returned": 11,
  "assignment_turned_in": 14,
  "assistant": 11,
  "assistant_direction": 10,
  "assistant_photo": 11,
  "atm": 11,
  "attach_email": 15,
  "attach_file": 14,
  "attach_money": 15,
  "attachment": 13,
  "attractions": 9,
  "attribution": 10,
  "audiotrack": 11,
  "auto_awesome": 13,
  "auto_awesome_mosaic": 13,
  "auto_awesome_motion": 13,
  "auto_delete": 10,
  "auto_fix_high": 13,
  "auto_fix_normal": 13,
  "auto_fix_off": 12,
  "auto_graph": 3,
  "auto_stories": 12,
  "autofps_select": 9,
  "autorenew": 11,
  "av_timer": 11,
  "baby_changing_station": 7,
  "back_hand": 2,
  "backpack": 7,
  "backspace": 12,
  "backup": 14,
  "backup_table": 10,
  "badge": 10,
  "bakery_dining": 10,
  "balcony": 3,
  "ballot": 13,
  "bar_chart": 11,
  "batch_prediction": 11,
  "bathroom": 9,
  "bathtub": 10,
  "battery_alert": 11,
  "battery_charging_full": 11,
  "battery_full": 11,
  "battery_saver": 8,
  "battery_std": 11,
  "battery_unknown": 12,
  "beach_access": 11,
  "bed": 8,
  "bedroom_baby": 8,
  "bedroom_child": 8,
  "bedroom_parent": 8,
  "bedtime": 12,
  "beenhere": 11,
  "bento": 5,
  "bike_scooter": 10,
  "biotech": 10,
  "blender": 8,
  "block": 14,
  "bloodtype": 9,
  "bluetooth": 10,
  "bluetooth_audio": 11,
  "bluetooth_connected": 11,
  "bluetooth_disabled": 15,
  "bluetooth_drive": 8,
  "bluetooth_searching": 12,
  "blur_circular": 11,
  "blur_linear": 11,
  "blur_off": 11,
  "blur_on": 11,
  "bolt": 9,
  "book": 13,
  "book_online": 9,
  "bookmark": 15,
  "bookmark_add": 2,
  "bookmark_added": 2,
  "bookmark_border": 11,
  "bookmark_remove": 2,
  "bookmarks": 11,
  "border_all": 11,
  "border_bottom": 11,
  "border_clear": 11,
  "border_color": 13,
  "border_horizontal": 11,
  "border_inner": 11,
  "border_left": 11,
  "border_outer": 11,
  "border_right": 11,
  "border_style": 11,
  "border_top": 11,
  "border_vertical": 11,
  "branding_watermark": 12,
  "breakfast_dining": 10,
  "brightness_1": 17,
  "brightness_2": 11,
  "brightness_3": 15,
  "brightness_4": 15,
  "brightness_5": 11,
  "brightness_6": 11,
  "brightness_7": 12,
  "brightness_auto": 11,
  "brightness_high": 12,
  "brightness_low": 11,
  "brightness_medium": 11,
  "broken_image": 10,
  "browser_not_supported": 11,
  "browser_updated": 1,
  "brunch_dining": 10,
  "brush": 12,
  "bubble_chart": 11,
  "bug_report": 11,
  "build": 11,
  "build_circle": 13,
  "bungalow": 3,
  "burst_mode": 11,
  "bus_alert": 14,
  "business": 11,
  "business_center": 13,
  "cabin": 3,
  "cable": 9,
  "cached": 11,
  "cake": 12,
  "calculate": 10,
  "calendar_today": 11,
  "calendar_view_day": 14,
  "calendar_view_month": 9,
  "calendar_view_week": 9,
  "call": 15,
  "call_end": 14,
  "call_made": 12,
  "call_merge": 12,
  "call_missed": 12,
  "call_missed_outgoing": 14,
  "call_received": 12,
  "call_split": 12,
  "call_to_action": 10,
  "camera": 11,
  "camera_alt": 11,
  "camera_enhance": 11,
  "camera_front": 11,
  "camera_indoor": 8,
  "camera_outdoor": 8,
  "camera_rear": 12,
  "camera_roll": 11,
  "cameraswitch": 9,
  "campaign": 11,
  "cancel": 14,
  "cancel_presentation": 11,
  "cancel_schedule_send": 11,
  "car_rental": 9,
  "car_repair": 9,
  "card_giftcard": 13,
  "card_membership": 13,
  "card_travel": 12,
  "carpenter": 5,
  "cases": 10,
  "casino": 12,
  "cast": 16,
  "cast_connected": 12,
  "cast_for_education": 13,
  "catching_pokemon": 3,
  "category": 11,
  "celebration": 10,
  "cell_wifi": 13,
  "center_focus_strong": 11,
  "center_focus_weak": 11,
  "chair": 9,
  "chair_alt": 8,
  "chalet": 3,
  "change_circle": 7,
  "change_history": 10,
  "charging_station": 7,
  "chat": 17,
  "chat_bubble": 12,
  "chat_bubble_outline": 15,
  "check": 16,
  "check_box": 14,
  "check_box_outline_blank": 14,
  "check_circle": 16,
  "check_circle_outline": 11,
  "checklist": 2,
  "checklist_rtl": 2,
  "checkroom": 7,
  "chevron_left": 14,
  "chevron_right": 14,
  "child_care": 11,
  "child_friendly": 11,
  "chrome_reader_mode": 11,
  "circle": 10,
  "circle_notifications": 10,
  "class": 10,
  "clean_hands": 6,
  "cleaning_services": 11,
  "clear": 11,
  "clear_all": 11,
  "close": 17,
  "close_fullscreen": 6,
  "closed_caption": 11,
  "closed_caption_disabled": 7,
  "closed_caption_off": 10,
  "cloud": 11,
  "cloud_circle": 11,
  "cloud_done": 11,
  "cloud_download": 11,
  "cloud_off": 14,
  "cloud_queue": 11,
  "cloud_upload": 11,
  "co2": 2,
  "code": 10,
  "code_off": 3,
  "coffee": 8,
  "coffee_maker": 8,
  "collections": 11,
  "collections_bookmark": 11,
  "color_lens": 14,
  "colorize": 11,
  "comment": 17,
  "comment_bank": 14,
  "comments_disabled": 2,
  "commute": 11,
  "compare": 11,
  "compare_arrows": 13,
  "compass_calibration": 11,
  "compost": 2,
  "compress": 9,
  "computer": 11,
  "confirmation_number": 14,
  "connect_without_contact": 6,
  "connected_tv": 10,
  "connecting_airports": 1,
  "construction": 10,
  "contact_mail": 12,
  "contact_page": 5,
  "contact_phone": 12,
  "contact_support": 12,
  "contactless": 10,
  "contacts": 10,
  "content_copy": 16,
  "content_cut": 15,
  "content_paste": 13,
  "content_paste_off": 3,
  "control_camera": 11,
  "control_point": 12,
  "control_point_duplicate": 11,
  "copy_all": 7,
  "copyright": 15,
  "coronavirus": 5,
  "corporate_fare": 6,
  "cottage": 3,
  "countertops": 5,
  "create": 14,
  "create_new_folder": 10,
  "credit_card": 11,
  "credit_card_off": 3,
  "credit_score": 9,
  "crib": 3,
  "crop": 11,
  "crop_16_9": 11,
  "crop_3_2": 11,
  "crop_5_4": 11,
  "crop_7_5": 11,
  "crop_din": 11,
  "crop_free": 11,
  "crop_landscape": 11,
  "crop_original": 12,
  "crop_portrait": 11,
  "crop_rotate": 11,
  "crop_square": 11,
  "cruelty_free": 2,
  "dangerous": 11,
  "dark_mode": 3,
  "dashboard": 12,
  "dashboard_customize": 10,
  "data_exploration": 2,
  "data_saver_off": 9,
  "data_saver_on": 9,
  "data_usage": 11,
  "date_range": 11,
  "deck": 10,
  "dehaze": 11,
  "delete": 15,
  "delete_forever": 14,
  "delete_outline": 10,
  "delete_sweep": 11,
  "delivery_dining": 13,
  "departure_board": 10,
  "description": 11,
  "design_services": 11,
  "desktop_access_disabled": 10,
  "desktop_mac": 14,
  "desktop_windows": 11,
  "details": 15,
  "developer_board": 12,
  "developer_board_off": 3,
  "developer_mode": 11,
  "device_hub": 11,
  "device_thermostat": 10,
  "device_unknown": 11,
  "devices": 14,
  "devices_other": 11,
  "dialer_sip": 11,
  "dialpad": 11,
  "dining": 8,
  "dinner_dining": 9,
  "directions": 11,
  "directions_bike": 12,
  "directions_boat": 16,
  "directions_boat_filled": 15,
  "directions_bus": 11,
  "directions_bus_filled": 9,
  "directions_car": 16,
  "directions_car_filled": 9,
  "directions_off": 11,
  "directions_railway": 12,
  "directions_railway_filled": 9,
  "directions_run": 12,
  "directions_subway": 11,
  "directions_subway_filled": 9,
  "directions_transit": 11,
  "directions_transit_filled": 9,
  "directions_walk": 12,
  "dirty_lens": 14,
  "disabled_by_default": 5,
  "disabled_visible": 2,
  "disc_full": 11,
  "dns": 11,
  "do_disturb": 9,
  "do_disturb_alt": 10,
  "do_disturb_off": 9,
  "do_disturb_on": 9,
  "do_not_disturb": 10,
  "do_not_disturb_alt": 11,
  "do_not_disturb_off": 10,
  "do_not_disturb_on": 10,
  "do_not_disturb_on_total_silence": 14,
  "do_not_step": 7,
  "do_not_touch": 7,
  "dock": 11,
  "document_scanner": 2,
  "domain": 14,
  "domain_disabled": 11,
  "domain_verification": 10,
  "done": 17,
  "done_all": 11,
  "done_outline": 11,
  "donut_large": 12,
  "donut_small": 11,
  "door_back": 9,
  "door_front": 9,
  "door_sliding": 9,
  "doorbell": 9,
  "double_arrow": 10,
  "downhill_skiing": 3,
  "download": 9,
  "download_done": 9,
  "download_for_offline": 8,
  "downloading": 8,
  "drafts": 15,
  "drag_handle": 13,
  "drag_indicator": 13,
  "draw": 5,
  "drive_eta": 11,
  "drive_file_move": 17,
  "drive_file_move_rtl": 2,
  "drive_file_rename_outline": 11,
  "drive_folder_upload": 10,
  "dry": 7,
  "dry_cleaning": 9,
  "duo": 11,
  "dvr": 12,
  "dynamic_feed": 14,
  "dynamic_form": 6,
  "e_mobiledata": 8,
  "earbuds": 8,
  "earbuds_battery": 8,
  "east": 6,
  "edgesensor_high": 9,
  "edgesensor_low": 9,
  "edit": 11,
  "edit_attributes": 11,
  "edit_calendar": 4,
  "edit_location": 15,
  "edit_location_alt": 7,
  "edit_note": 4,
  "edit_notifications": 3,
  "edit_off": 11,
  "edit_road": 10,
  "eject": 10,
  "elderly": 6,
  "electric_bike": 13,
  "electric_car": 13,
  "electric_moped": 13,
  "electric_rickshaw": 14,
  "electric_scooter": 13,
  "electrical_services": 11,
  "elevator": 7,
  "email": 16,
  "emergency": 4,
  "emoji_emotions": 10,
  "emoji_events": 12,
  "emoji_flags": 10,
  "emoji_food_beverage": 10,
  "emoji_nature": 10,
  "emoji_objects": 10,
  "emoji_people": 10,
  "emoji_symbols": 10,
  "emoji_transportation": 10,
  "engineering": 10,
  "enhanced_encryption": 17,
  "equalizer": 11,
  "error": 18,
  "error_outline": 14,
  "escalator": 7,
  "escalator_warning": 7,
  "euro": 10,
  "euro_symbol": 11,
  "ev_station": 10,
  "event": 17,
  "event_available": 15,
  "event_busy": 18,
  "event_note": 13,
  "event_seat": 17,
  "exit_to_app": 12,
  "expand": 10,
  "expand_circle_down": 1,
  "expand_less": 11,
  "expand_more": 13,
  "explicit": 11,
  "explore": 11,
  "explore_off": 11,
  "exposure": 11,
  "exposure_neg_1": 12,
  "exposure_neg_2": 12,
  "exposure_plus_1": 11,
  "exposure_plus_2": 11,
  "exposure_zero": 11,
  "extension": 11,
  "extension_off": 3,
  "face": 14,
  "face_retouching_natural": 15,
  "face_retouching_off": 14,
  "facebook": 5,
  "fact_check": 13,
  "family_restroom": 8,
  "fast_forward": 16,
  "fast_rewind": 11,
  "fastfood": 11,
  "favorite": 15,
  "favorite_border": 11,
  "featured_play_list": 11,
  "featured_video": 11,
  "feed": 9,
  "feedback": 11,
  "female": 2,
  "fence": 5,
  "festival": 9,
  "fiber_dvr": 12,
  "fiber_manual_record": 14,
  "fiber_new": 12,
  "fiber_pin": 11,
  "fiber_smart_record": 11,
  "file_copy": 11,
  "file_download": 10,
  "file_download_done": 10,
  "file_download_off": 3,
  "file_present": 9,
  "file_upload": 10,
  "filter": 11,
  "filter_1": 11,
  "filter_2": 11,
  "filter_3": 11,
  "filter_4": 11,
  "filter_5": 11,
  "filter_6": 11,
  "filter_7": 11,
  "filter_8": 11,
  "filter_9": 11,
  "filter_9_plus": 12,
  "filter_alt": 10,
  "filter_b_and_w": 12,
  "filter_center_focus": 11,
  "filter_drama": 11,
  "filter_frames": 12,
  "filter_hdr": 12,
  "filter_list": 11,
  "filter_none": 12,
  "filter_tilt_shift": 13,
  "filter_vintage": 12,
  "find_in_page": 11,
  "find_replace": 11,
  "fingerprint": 11,
  "fire_extinguisher": 6,
  "fireplace": 10,
  "first_page": 10,
  "fit_screen": 14,
  "fitness_center": 11,
  "flag": 16,
  "flaky": 12,
  "flare": 11,
  "flash_auto": 11,
  "flash_off": 11,
  "flash_on": 11,
  "flashlight_off": 9,
  "flashlight_on": 9,
  "flatware": 8,
  "flight": 16,
  "flight_class": 1,
  "flight_land": 12,
  "flight_takeoff": 12,
  "flip": 11,
  "flip_camera_android": 11,
  "flip_camera_ios": 11,
  "flip_to_back": 11,
  "flip_to_front": 11,
  "flourescent": 9,
  "flutter_dash": 4,
  "fmd_bad": 14,
  "fmd_good": 14,
  "folder": 14,
  "folder_open": 12,
  "folder_shared": 14,
  "folder_special": 10,
  "follow_the_signs": 6,
  "font_download": 10,
  "font_download_off": 3,
  "food_bank": 6,
  "format_align_center": 11,
  "format_align_justify": 11,
  "format_align_left": 12,
  "format_align_right": 12,
  "format_bold": 11,
  "format_clear": 11,
  "format_color_fill": 13,
  "format_color_reset": 10,
  "format_color_text": 15,
  "format_indent_decrease": 12,
  "format_indent_increase": 12,
  "format_italic": 11,
  "format_line_spacing": 11,
  "format_list_bulleted": 12,
  "format_list_numbered": 11,
  "format_list_numbered_rtl": 11,
  "format_paint": 11,
  "format_quote": 11,
  "format_shapes": 11,
  "format_size": 11,
  "format_strikethrough": 11,
  "format_textdirection_l_to_r": 12,
  "format_textdirection_r_to_l": 12,
  "format_underlined": 12,
  "forum": 17,
  "forward": 15,
  "forward_10": 12,
  "forward_30": 12,
  "forward_5": 12,
  "forward_to_inbox": 8,
  "foundation": 5,
  "free_breakfast": 10,
  "free_cancellation": 4,
  "front_hand": 2,
  "fullscreen": 11,
  "fullscreen_exit": 11,
  "functions": 11,
  "g_mobiledata": 8,
  "g_translate": 13,
  "gamepad": 11,
  "games": 11,
  "garage": 8,
  "gavel": 13,
  "generating_tokens": 4,
  "gesture": 11,
  "get_app": 11,
  "gif": 13,
  "gif_box": 2,
  "gite": 3,
  "golf_course": 10,
  "gpp_bad": 9,
  "gpp_good": 8,
  "gpp_maybe": 9,
  "gps_fixed": 11,
  "gps_not_fixed": 11,
  "gps_off": 11,
  "grade": 14,
  "gradient": 11,
  "grading": 11,
  "grain": 11,
  "graphic_eq": 12,
  "grass": 6,
  "grid_3x3": 9,
  "grid_4x4": 9,
  "grid_goldenratio": 9,
  "grid_off": 11,
  "grid_on": 11,
  "grid_view": 11,
  "group": 17,
  "group_add": 16,
  "group_off": 4,
  "group_remove": 2,
  "group_work": 11,
  "groups": 5,
  "h_mobiledata": 8,
  "h_plus_mobiledata": 8,
  "hail": 10,
  "handyman": 11,
  "hardware": 9,
  "hd": 11,
  "hdr_auto": 9,
  "hdr_auto_select": 9,
  "hdr_enhanced_select": 10,
  "hdr_off": 10,
  "hdr_off_select": 9,
  "hdr_on": 10,
  "hdr_on_select": 9,
  "hdr_plus": 9,
  "hdr_strong": 11,
  "hdr_weak": 11,
  "headphones": 8,
  "headphones_battery": 8,
  "headset": 11,
  "headset_mic": 11,
  "headset_off": 11,
  "healing": 11,
  "health_and_safety": 6,
  "hearing": 11,
  "hearing_disabled": 13,
  "height": 10,
  "help": 12,
  "help_center": 8,
  "help_outline": 11,
  "hevc": 9,
  "hide_image": 9,
  "hide_source": 8,
  "high_quality": 11,
  "highlight": 13,
  "highlight_alt": 11,
  "highlight_off": 15,
  "hiking": 3,
  "history": 11,
  "history_edu": 10,
  "history_toggle_off": 8,
  "holiday_village": 3,
  "home": 14,
  "home_max": 9,
  "home_mini": 9,
  "home_repair_service": 11,
  "home_work": 11,
  "horizontal_distribute": 5,
  "horizontal_rule": 12,
  "horizontal_split": 13,
  "hot_tub": 11,
  "hotel": 16,
  "hotel_class": 4,
  "hourglass_bottom": 10,
  "hourglass_disabled": 11,
  "hourglass_empty": 13,
  "hourglass_full": 13,
  "hourglass_top": 10,
  "house": 10,
  "house_siding": 5,
  "houseboat": 3,
  "how_to_reg": 13,
  "how_to_vote": 14,
  "http": 10,
  "https": 14,
  "hvac": 11,
  "ice_skating": 3,
  "icecream": 10,
  "image": 14,
  "image_aspect_ratio": 11,
  "image_not_supported": 12,
  "image_search": 11,
  "imagesearch_roller": 10,
  "import_contacts": 13,
  "import_export": 11,
  "important_devices": 10,
  "inbox": 16,
  "incomplete_circle": 2,
  "indeterminate_check_box": 16,
  "info": 18,
  "input": 12,
  "insert_chart": 11,
  "insert_chart_outlined": 11,
  "insert_comment": 12,
  "insert_drive_file": 15,
  "insert_emoticon": 14,
  "insert_invitation": 11,
  "insert_link": 11,
  "insert_photo": 11,
  "insights": 11,
  "integration_instructions": 10,
  "interests": 1,
  "inventory": 12,
  "inventory_2": 8,
  "invert_colors": 12,
  "invert_colors_off": 11,
  "ios_share": 12,
  "iron": 3,
  "iso": 10,
  "kayaking": 3,
  "keyboard": 12,
  "keyboard_alt": 14,
  "keyboard_arrow_down": 14,
  "keyboard_arrow_left": 15,
  "keyboard_arrow_right": 15,
  "keyboard_arrow_up": 14,
  "keyboard_backspace": 12,
  "keyboard_capslock": 12,
  "keyboard_hide": 11,
  "keyboard_return": 12,
  "keyboard_tab": 12,
  "keyboard_voice": 15,
  "king_bed": 11,
  "kitchen": 10,
  "kitesurfing": 3,
  "label": 15,
  "label_important": 15,
  "label_off": 12,
  "landscape": 11,
  "language": 11,
  "laptop": 12,
  "laptop_chromebook": 11,
  "laptop_mac": 11,
  "laptop_windows": 11,
  "last_page": 12,
  "launch": 15,
  "layers": 11,
  "layers_clear": 11,
  "leaderboard": 5,
  "leak_add": 11,
  "leak_remove": 11,
  "legend_toggle": 7,
  "lens": 11,
  "lens_blur": 9,
  "library_add": 12,
  "library_add_check": 16,
  "library_books": 13,
  "library_music": 12,
  "light": 8,
  "light_mode": 3,
  "lightbulb": 16,
  "line_style": 13,
  "line_weight": 13,
  "linear_scale": 16,
  "link": 19,
  "link_off": 10,
  "linked_camera": 14,
  "liquor": 9,
  "list": 15,
  "list_alt": 12,
  "live_help": 12,
  "live_tv": 10,
  "living": 8,
  "local_activity": 17,
  "local_airport": 13,
  "local_atm": 11,
  "local_bar": 11,
  "local_cafe": 10,
  "local_car_wash": 11,
  "local_convenience_store": 15,
  "local_dining": 19,
  "local_drink": 11,
  "local_fire_department": 12,
  "local_florist": 11,
  "local_gas_station": 11,
  "local_grocery_store": 11,
  "local_hospital": 11,
  "local_hotel": 12,
  "local_laundry_service": 15,
  "local_library": 11,
  "local_mall": 11,
  "local_movies": 11,
  "local_offer": 17,
  "local_parking": 11,
  "local_pharmacy": 11,
  "local_phone": 15,
  "local_pizza": 11,
  "local_play": 11,
  "local_police": 12,
  "local_post_office": 11,
  "local_printshop": 16,
  "local_see": 15,
  "local_shipping": 11,
  "local_taxi": 11,
  "location_city": 11,
  "location_disabled": 11,
  "location_off": 10,
  "location_on": 14,
  "location_searching": 11,
  "lock": 16,
  "lock_clock": 10,
  "lock_open": 14,
  "login": 11,
  "logout": 11,
  "looks": 12,
  "looks_3": 11,
  "looks_4": 11,
  "looks_5": 11,
  "looks_6": 12,
  "looks_one": 11,
  "looks_two": 11,
  "loop": 11,
  "loupe": 11,
  "low_priority": 16,
  "loyalty": 11,
  "lte_mobiledata": 8,
  "lte_plus_mobiledata": 8,
  "luggage": 6,
  "lunch_dining": 10,
  "mail": 14,
  "mail_outline": 11,
  "male": 2,
  "manage_accounts": 9,
  "manage_search": 9,
  "map": 14,
  "maps_home_work": 9,
  "maps_ugc": 12,
  "margin": 10,
  "mark_as_unread": 9,
  "mark_chat_read": 7,
  "mark_chat_unread": 7,
  "mark_email_read": 7,
  "mark_email_unread": 7,
  "markunread": 11,
  "markunread_mailbox": 11,
  "masks": 6,
  "maximize": 10,
  "media_bluetooth_off": 9,
  "media_bluetooth_on": 9,
  "mediation": 14,
  "medical_services": 11,
  "medication": 9,
  "meeting_room": 16,
  "memory": 11,
  "menu": 12,
  "menu_book": 11,
  "menu_open": 12,
  "merge_type": 12,
  "message": 12,
  "mic": 12,
  "mic_external_off": 10,
  "mic_external_on": 10,
  "mic_none": 11,
  "mic_off": 13,
  "microwave": 5,
  "military_tech": 10,
  "minimize": 10,
  "miscellaneous_services": 11,
  "missed_video_call": 12,
  "mms": 11,
  "mobile_friendly": 11,
  "mobile_off": 11,
  "mobile_screen_share": 11,
  "mobiledata_off": 9,
  "mode": 9,
  "mode_comment": 11,
  "mode_edit": 10,
  "mode_edit_outline": 9,
  "mode_night": 9,
  "mode_of_travel": 1,
  "mode_standby": 8,
  "model_training": 12,
  "monetization_on": 11,
  "money": 10,
  "money_off": 11,
  "money_off_csred": 10,
  "monitor": 10,
  "monitor_weight": 9,
  "monochrome_photos": 10,
  "mood": 14,
  "mood_bad": 11,
  "moped": 13,
  "more": 12,
  "more_horiz": 12,
  "more_time": 10,
  "more_vert": 17,
  "motion_photos_auto": 14,
  "motion_photos_off": 13,
  "motion_photos_on": 17,
  "motion_photos_pause": 7,
  "motion_photos_paused": 16,
  "mouse": 11,
  "move_to_inbox": 14,
  "movie": 11,
  "movie_creation": 11,
  "movie_filter": 12,
  "moving": 3,
  "mp": 14,
  "multiline_chart": 12,
  "multiple_stop": 6,
  "museum": 10,
  "music_note": 11,
  "music_off": 11,
  "music_video": 14,
  "my_location": 11,
  "nat": 10,
  "nature": 11,
  "nature_people": 11,
  "navigate_before": 12,
  "navigate_next": 12,
  "navigation": 11,
  "near_me": 11,
  "near_me_disabled": 5,
  "nearby_error": 9,
  "nearby_off": 9,
  "network_cell": 15,
  "network_check": 11,
  "network_locked": 16,
  "network_wifi": 15,
  "new_label": 2,
  "new_releases": 11,
  "next_plan": 14,
  "next_week": 13,
  "nfc": 11,
  "night_shelter": 5,
  "nightlife": 9,
  "nightlight": 9,
  "nightlight_round": 9,
  "nights_stay": 10,
  "no_accounts": 9,
  "no_backpack": 5,
  "no_cell": 7,
  "no_drinks": 7,
  "no_encryption": 15,
  "no_encryption_gmailerrorred": 9,
  "no_flash": 7,
  "no_food": 7,
  "no_luggage": 6,
  "no_meals": 6,
  "no_meeting_room": 10,
  "no_photography": 7,
  "no_sim": 11,
  "no_stroller": 8,
  "no_transfer": 6,
  "nordic_walking": 3,
  "north": 6,
  "north_east": 6,
  "north_west": 6,
  "not_accessible": 12,
  "not_interested": 11,
  "not_listed_location": 16,
  "not_started": 12,
  "note": 11,
  "note_add": 12,
  "note_alt": 9,
  "notes": 11,
  "notification_add": 4,
  "notification_important": 10,
  "notifications": 16,
  "notifications_active": 12,
  "notifications_none": 11,
  "notifications_off": 11,
  "notifications_paused": 11,
  "offline_bolt": 16,
  "offline_pin": 16,
  "offline_share": 11,
  "ondemand_video": 10,
  "online_prediction": 11,
  "opacity": 14,
  "open_in_browser": 11,
  "open_in_full": 6,
  "open_in_new": 18,
  "open_in_new_off": 3,
  "open_with": 11,
  "other_houses": 3,
  "outbound": 7,
  "outbox": 9,
  "outdoor_grill": 10,
  "outlet": 6,
  "outlined_flag": 11,
  "padding": 10,
  "pages": 10,
  "pageview": 11,
  "paid": 8,
  "palette": 15,
  "pan_tool": 13,
  "panorama": 15,
  "panorama_fish_eye": 12,
  "panorama_horizontal": 11,
  "panorama_horizontal_select": 10,
  "panorama_photosphere": 10,
  "panorama_photosphere_select": 11,
  "panorama_vertical": 12,
  "panorama_vertical_select": 11,
  "panorama_wide_angle": 13,
  "panorama_wide_angle_select": 11,
  "paragliding": 3,
  "park": 9,
  "party_mode": 11,
  "password": 9,
  "pattern": 10,
  "pause": 14,
  "pause_circle": 9,
  "pause_circle_filled": 14,
  "pause_circle_outline": 17,
  "pause_presentation": 11,
  "payment": 11,
  "payments": 11,
  "pedal_bike": 13,
  "pending": 15,
  "pending_actions": 6,
  "people": 21,
  "people_alt": 19,
  "people_outline": 11,
  "perm_camera_mic": 11,
  "perm_contact_calendar": 12,
  "perm_data_setting": 11,
  "perm_device_information": 12,
  "perm_identity": 11,
  "perm_media": 14,
  "perm_phone_msg": 11,
  "perm_scan_wifi": 11,
  "person": 15,
  "person_add": 14,
  "person_add_alt": 10,
  "person_add_alt_1": 12,
  "person_add_disabled": 10,
  "person_off": 3,
  "person_outline": 17,
  "person_pin": 12,
  "person_pin_circle": 16,
  "person_remove": 11,
  "person_remove_alt_1": 12,
  "person_search": 11,
  "personal_injury": 2,
  "personal_video": 12,
  "pest_control": 11,
  "pest_control_rodent": 11,
  "pets": 11,
  "phone": 11,
  "phone_android": 11,
  "phone_bluetooth_speaker": 11,
  "phone_callback": 12,
  "phone_disabled": 11,
  "phone_enabled": 12,
  "phone_forwarded": 12,
  "phone_in_talk": 11,
  "phone_iphone": 11,
  "phone_locked": 16,
  "phone_missed": 12,
  "phone_paused": 12,
  "phonelink": 11,
  "phonelink_erase": 11,
  "phonelink_lock": 14,
  "phonelink_off": 11,
  "phonelink_ring": 11,
  "phonelink_setup": 12,
  "photo": 11,
  "photo_album": 12,
  "photo_camera": 16,
  "photo_camera_back": 10,
  "photo_camera_front": 10,
  "photo_filter": 11,
  "photo_library": 11,
  "photo_size_select_actual": 11,
  "photo_size_select_large": 11,
  "photo_size_select_small": 11,
  "piano": 3,
  "piano_off": 3,
  "picture_as_pdf": 11,
  "picture_in_picture": 11,
  "picture_in_picture_alt": 11,
  "pie_chart": 10,
  "pie_chart_outline": 9,
  "pin": 9,
  "pin_drop": 16,
  "pin_end": 2,
  "pin_invoke": 2,
  "pivot_table_chart": 10,
  "place": 16,
  "plagiarism": 10,
  "play_arrow": 14,
  "play_circle": 8,
  "play_circle_filled": 13,
  "play_circle_outline": 17,
  "play_disabled": 9,
  "play_for_work": 11,
  "play_lesson": 9,
  "playlist_add": 15,
  "playlist_add_check": 16,
  "playlist_play": 13,
  "plumbing": 11,
  "plus_one": 15,
  "podcasts": 8,
  "point_of_sale": 7,
  "policy": 11,
  "poll": 12,
  "polymer": 11,
  "pool": 11,
  "portable_wifi_off": 11,
  "portrait": 11,
  "post_add": 10,
  "power": 11,
  "power_input": 11,
  "power_off": 11,
  "power_settings_new": 11,
  "precision_manufacturing": 9,
  "pregnant_woman": 13,
  "present_to_all": 10,
  "preview": 6,
  "price_change": 9,
  "price_check": 9,
  "print": 14,
  "print_disabled": 11,
  "priority_high": 17,
  "privacy_tip": 11,
  "private_connectivity": 4,
  "production_quantity_limits": 6,
  "psychology": 10,
  "public": 11,
  "public_off": 7,
  "publish": 11,
  "published_with_changes": 5,
  "push_pin": 12,
  "qr_code": 11,
  "qr_code_2": 5,
  "qr_code_scanner": 6,
  "query_builder": 12,
  "query_stats": 3,
  "question_answer": 11,
  "queue": 11,
  "queue_music": 17,
  "queue_play_next": 13,
  "quickreply": 11,
  "quiz": 9,
  "r_mobiledata": 8,
  "radar": 9,
  "radio": 11,
  "radio_button_checked": 12,
  "radio_button_unchecked": 12,
  "railway_alert": 9,
  "ramen_dining": 9,
  "rate_review": 10,
  "raw_off": 9,
  "raw_on": 9,
  "read_more": 12,
  "real_estate_agent": 2,
  "receipt": 11,
  "receipt_long": 11,
  "recent_actors": 11,
  "recommend": 10,
  "record_voice_over": 11,
  "recycling": 2,
  "redeem": 11,
  "redo": 12,
  "reduce_capacity": 5,
  "refresh": 14,
  "remember_me": 9,
  "remove": 14,
  "remove_circle": 17,
  "remove_circle_outline": 11,
  "remove_done": 9,
  "remove_from_queue": 12,
  "remove_moderator": 10,
  "remove_red_eye": 11,
  "remove_shopping_cart": 11,
  "reorder": 14,
  "repeat": 11,
  "repeat_on": 11,
  "repeat_one": 11,
  "repeat_one_on": 11,
  "replay": 12,
  "replay_10": 13,
  "replay_30": 13,
  "replay_5": 13,
  "replay_circle_filled": 11,
  "reply": 18,
  "reply_all": 15,
  "report": 16,
  "report_gmailerrorred": 10,
  "report_off": 11,
  "report_problem": 16,
  "request_page": 6,
  "request_quote": 6,
  "reset_tv": 9,
  "restart_alt": 9,
  "restaurant": 14,
  "restaurant_menu": 11,
  "restore": 11,
  "restore_from_trash": 11,
  "restore_page": 11,
  "reviews": 9,
  "rice_bowl": 5,
  "ring_volume": 12,
  "roofing": 5,
  "room": 17,
  "room_preferences": 6,
  "room_service": 10,
  "rotate_90_degrees_ccw": 11,
  "rotate_left": 12,
  "rotate_right": 12,
  "rounded_corner": 13,
  "router": 12,
  "rowing": 13,
  "rss_feed": 11,
  "rsvp": 9,
  "rtt": 11,
  "rule": 7,
  "rule_folder": 6,
  "run_circle": 10,
  "running_with_errors": 3,
  "rv_hookup": 11,
  "safety_divider": 6,
  "sailing": 3,
  "sanitizer": 5,
  "satellite": 11,
  "save": 11,
  "save_alt": 11,
  "saved_search": 10,
  "savings": 4,
  "scanner": 11,
  "scatter_plot": 11,
  "schedule": 15,
  "schedule_send": 13,
  "schema": 3,
  "school": 11,
  "science": 16,
  "score": 11,
  "screen_lock_landscape": 15,
  "screen_lock_portrait": 16,
  "screen_lock_rotation": 15,
  "screen_rotation": 11,
  "screen_search_desktop": 9,
  "screen_share": 11,
  "screenshot": 9,
  "sd": 9,
  "sd_card": 11,
  "sd_card_alert": 10,
  "sd_storage": 11,
  "search": 15,
  "search_off": 11,
  "security": 11,
  "security_update": 10,
  "security_update_good": 9,
  "security_update_warning": 9,
  "segment": 10,
  "select_all": 11,
  "self_improvement": 10,
  "sell": 9,
  "send": 18,
  "send_and_archive": 10,
  "send_to_mobile": 10,
  "sensor_door": 7,
  "sensor_window": 7,
  "sensors": 3,
  "sensors_off": 4,
  "sentiment_dissatisfied": 10,
  "sentiment_neutral": 10,
  "sentiment_satisfied": 10,
  "sentiment_satisfied_alt": 10,
  "sentiment_very_dissatisfied": 10,
  "sentiment_very_satisfied": 10,
  "set_meal": 5,
  "settings": 17,
  "settings_accessibility": 9,
  "settings_applications": 10,
  "settings_backup_restore": 10,
  "settings_bluetooth": 10,
  "settings_brightness": 11,
  "settings_cell": 10,
  "settings_ethernet": 10,
  "settings_input_antenna": 10,
  "settings_input_component": 10,
  "settings_input_composite": 10,
  "settings_input_hdmi": 10,
  "settings_input_svideo": 10,
  "settings_overscan": 10,
  "settings_phone": 14,
  "settings_power": 10,
  "settings_remote": 10,
  "settings_suggest": 18,
  "settings_system_daydream": 11,
  "settings_voice": 10,
  "share": 16,
  "share_location": 16,
  "shield": 10,
  "shop": 11,
  "shop_2": 8,
  "shop_two": 10,
  "shopping_bag": 7,
  "shopping_basket": 11,
  "shopping_cart": 16,
  "short_text": 14,
  "shortcut": 9,
  "show_chart": 12,
  "shower": 8,
  "shuffle": 13,
  "shuffle_on": 11,
  "shutter_speed": 10,
  "sick": 5,
  "signal_cellular_0_bar": 14,
  "signal_cellular_4_bar": 11,
  "signal_cellular_alt": 11,
  "signal_cellular_connected_no_internet_0_bar": 12,
  "signal_cellular_connected_no_internet_4_bar": 12,
  "signal_cellular_no_sim": 10,
  "signal_cellular_nodata": 9,
  "signal_cellular_null": 11,
  "signal_cellular_off": 11,
  "signal_wifi_0_bar": 14,
  "signal_wifi_4_bar": 11,
  "signal_wifi_4_bar_lock": 12,
  "signal_wifi_bad": 9,
  "signal_wifi_connected_no_internet_4": 9,
  "signal_wifi_off": 15,
  "signal_wifi_statusbar_4_bar": 8,
  "signal_wifi_statusbar_connected_no_internet_4": 10,
  "signal_wifi_statusbar_null": 8,
  "sim_card": 11,
  "sim_card_alert": 10,
  "sim_card_download": 8,
  "single_bed": 10,
  "sip": 9,
  "skateboarding": 3,
  "skip_next": 14,
  "skip_previous": 14,
  "sledding": 4,
  "slideshow": 11,
  "slow_motion_video": 10,
  "smart_button": 6,
  "smart_display": 8,
  "smart_screen": 8,
  "smart_toy": 8,
  "smartphone": 14,
  "smoke_free": 11,
  "smoking_rooms": 11,
  "sms": 11,
  "sms_failed": 12,
  "snippet_folder": 6,
  "snooze": 11,
  "snowboarding": 3,
  "snowmobile": 3,
  "snowshoeing": 3,
  "soap": 7,
  "social_distance": 6,
  "sort": 12,
  "sort_by_alpha": 10,
  "soup_kitchen": 1,
  "source": 6,
  "south": 6,
  "south_east": 6,
  "south_west": 6,
  "spa": 11,
  "space_bar": 10,
  "space_dashboard": 2,
  "speaker": 14,
  "speaker_group": 11,
  "speaker_notes": 12,
  "speaker_notes_off": 12,
  "speaker_phone": 14,
  "speed": 11,
  "spellcheck": 11,
  "splitscreen": 10,
  "sports": 10,
  "sports_bar": 5,
  "sports_baseball": 10,
  "sports_basketball": 10,
  "sports_cricket": 10,
  "sports_esports": 10,
  "sports_football": 11,
  "sports_golf": 10,
  "sports_handball": 10,
  "sports_hockey": 10,
  "sports_kabaddi": 10,
  "sports_mma": 10,
  "sports_motorsports": 10,
  "sports_rugby": 10,
  "sports_score": 9,
  "sports_soccer": 10,
  "sports_tennis": 10,
  "sports_volleyball": 10,
  "square_foot": 10,
  "stacked_bar_chart": 10,
  "stacked_line_chart": 5,
  "stairs": 7,
  "star": 18,
  "star_border": 17,
  "star_border_purple500": 9,
  "star_half": 20,
  "star_outline": 10,
  "star_purple500": 9,
  "star_rate": 11,
  "stars": 11,
  "stay_current_landscape": 11,
  "stay_current_portrait": 11,
  "stay_primary_landscape": 11,
  "stay_primary_portrait": 11,
  "sticky_note_2": 6,
  "stop": 11,
  "stop_circle": 14,
  "stop_screen_share": 12,
  "storage": 12,
  "store": 10,
  "store_mall_directory": 11,
  "storefront": 16,
  "storm": 9,
  "straighten": 11,
  "stream": 10,
  "streetview": 11,
  "strikethrough_s": 13,
  "stroller": 7,
  "style": 11,
  "subdirectory_arrow_left": 10,
  "subdirectory_arrow_right": 10,
  "subject": 12,
  "subscript": 12,
  "subscriptions": 10,
  "subtitles": 11,
  "subtitles_off": 10,
  "subway": 10,
  "summarize": 9,
  "superscript": 11,
  "supervised_user_circle": 11,
  "supervisor_account": 12,
  "support": 10,
  "support_agent": 11,
  "surfing": 3,
  "surround_sound": 12,
  "swap_calls": 11,
  "swap_horiz": 11,
  "swap_horizontal_circle": 11,
  "swap_vert": 11,
  "swap_vertical_circle": 12,
  "swipe": 11,
  "switch_access_shortcut": 1,
  "switch_access_shortcut_add": 1,
  "switch_account": 10,
  "switch_camera": 11,
  "switch_left": 7,
  "switch_right": 8,
  "switch_video": 11,
  "sync": 15,
  "sync_alt": 11,
  "sync_disabled": 14,
  "sync_problem": 19,
  "system_security_update": 9,
  "system_security_update_good": 9,
  "system_security_update_warning": 9,
  "system_update": 11,
  "system_update_alt": 12,
  "tab": 11,
  "tab_unselected": 11,
  "table_chart": 11,
  "table_rows": 16,
  "table_view": 7,
  "tablet": 11,
  "tablet_android": 13,
  "tablet_mac": 11,
  "tag": 9,
  "tag_faces": 17,
  "takeout_dining": 14,
  "tap_and_play": 11,
  "tapas": 5,
  "task": 9,
  "task_alt": 5,
  "taxi_alert": 10,
  "terrain": 11,
  "text_fields": 13,
  "text_format": 11,
  "text_rotate_up": 11,
  "text_rotate_vertical": 11,
  "text_rotation_angledown": 11,
  "text_rotation_angleup": 11,
  "text_rotation_down": 11,
  "text_rotation_none": 11,
  "text_snippet": 7,
  "textsms": 11,
  "texture": 11,
  "theater_comedy": 10,
  "theaters": 11,
  "thermostat": 10,
  "thermostat_auto": 9,
  "thumb_down": 16,
  "thumb_down_alt": 10,
  "thumb_down_off_alt": 12,
  "thumb_up": 16,
  "thumb_up_alt": 10,
  "thumb_up_off_alt": 12,
  "thumbs_up_down": 11,
  "time_to_leave": 11,
  "timelapse": 11,
  "timeline": 12,
  "timer": 11,
  "timer_10": 11,
  "timer_10_select": 14,
  "timer_3": 11,
  "timer_3_select": 14,
  "timer_off": 11,
  "tips_and_updates": 2,
  "title": 10,
  "toc": 12,
  "today": 15,
  "toggle_off": 11,
  "toggle_on": 11,
  "toll": 11,
  "tonality": 11,
  "topic": 6,
  "touch_app": 12,
  "tour": 11,
  "toys": 13,
  "track_changes": 10,
  "traffic": 11,
  "train": 10,
  "tram": 10,
  "transfer_within_a_station": 11,
  "transform": 11,
  "transgender": 2,
  "transit_enterexit": 11,
  "translate": 14,
  "travel_explore": 7,
  "trending_down": 16,
  "trending_flat": 17,
  "trending_up": 17,
  "trip_origin": 11,
  "try": 8,
  "tty": 7,
  "tune": 11,
  "tungsten": 9,
  "turned_in": 10,
  "turned_in_not": 10,
  "tv": 14,
  "tv_off": 10,
  "two_wheeler": 13,
  "umbrella": 7,
  "unarchive": 12,
  "undo": 12,
  "unfold_less": 11,
  "unfold_more": 11,
  "unpublished": 6,
  "unsubscribe": 11,
  "upcoming": 8,
  "update": 12,
  "update_disabled": 7,
  "upgrade": 11,
  "upload": 9,
  "upload_file": 9,
  "usb": 11,
  "usb_off": 3,
  "verified": 10,
  "verified_user": 16,
  "vertical_align_bottom": 11,
  "vertical_align_center": 11,
  "vertical_align_top": 11,
  "vertical_distribute": 5,
  "vertical_split": 13,
  "vibration": 11,
  "video_call": 10,
  "video_camera_back": 9,
  "video_camera_front": 9,
  "video_label": 10,
  "video_library": 12,
  "video_settings": 11,
  "video_stable": 9,
  "videocam": 14,
  "videocam_off": 11,
  "videogame_asset": 10,
  "videogame_asset_off": 3,
  "view_agenda": 12,
  "view_array": 12,
  "view_carousel": 12,
  "view_column": 12,
  "view_comfy": 12,
  "view_compact": 11,
  "view_day": 12,
  "view_headline": 10,
  "view_in_ar": 10,
  "view_list": 13,
  "view_module": 12,
  "view_quilt": 13,
  "view_sidebar": 12,
  "view_stream": 12,
  "view_week": 12,
  "vignette": 11,
  "villa": 3,
  "visibility": 14,
  "visibility_off": 11,
  "voice_chat": 11,
  "voice_over_off": 10,
  "voicemail": 11,
  "volume_down": 12,
  "volume_mute": 12,
  "volume_off": 15,
  "volume_up": 12,
  "volunteer_activism": 9,
  "vpn_key": 11,
  "vpn_lock": 16,
  "vrpano": 9,
  "wallpaper": 12,
  "warning": 15,
  "warning_amber": 14,
  "wash": 7,
  "watch": 11,
  "watch_later": 15,
  "water": 9,
  "water_damage": 5,
  "water_drop": 2,
  "waterfall_chart": 10,
  "waves": 10,
  "waving_hand": 2,
  "wb_auto": 11,
  "wb_cloudy": 11,
  "wb_incandescent": 11,
  "wb_iridescent": 10,
  "wb_shade": 9,
  "wb_sunny": 11,
  "wb_twilight": 8,
  "wc": 10,
  "web": 12,
  "web_asset": 11,
  "web_asset_off": 3,
  "weekend": 11,
  "west": 6,
  "whatshot": 15,
  "wheelchair_pickup": 7,
  "where_to_vote": 15,
  "widgets": 12,
  "wifi": 11,
  "wifi_calling": 10,
  "wifi_calling_3": 9,
  "wifi_lock": 12,
  "wifi_off": 11,
  "wifi_protected_setup": 11,
  "wifi_tethering": 11,
  "wifi_tethering_error_rounded": 9,
  "wifi_tethering_off": 9,
  "window": 8,
  "wine_bar": 5,
  "work": 11,
  "work_off": 11,
  "work_outline": 11,
  "workspace_premium": 2,
  "workspaces": 8,
  "wrap_text": 12,
  "wrong_location": 16,
  "wysiwyg": 7,
  "yard": 8,
  "youtube_searched_for": 11,
  "zoom_in": 10,
  "zoom_out": 10,
  "zoom_out_map": 16
}